year,article,china_stance_sentiment,china_confidence,china_excerpt_len,other_countries_stance_sentiment,other_countries_confidence,other_excerpt_len
2013,2013/58-pg18.3_001.txt,N/A,,0,中性,0.3664,205
2013,2013/58-pg18.3_002.txt,中性,0.4679,597,中性,0.4725,187
2013,2013/58-pg18.3_003.txt,中性,0.4707,715,中性,0.5121,1852
2013,2013/58-pg18.3_004.txt,中性,0.4827,87,中性,0.4824,1062
2013,2013/58-pg18.3_005.txt,N/A,,0,中性,0.4434,239
2013,2013/58-pg18.3_006.txt,中性,0.4306,553,負面,0.4462,559
2013,2013/58-pg18.3_007.txt,N/A,,0,中性,0.4391,28
2013,2013/58-pg18.3_008.txt,中性,0.4648,58,中性,0.5049,69
2013,2013/58-pg18.3_009.txt,N/A,,0,中性,0.4389,225
2013,2013/58-pg18.3_010.txt,N/A,,0,中性,0.4804,192
2013,2013/58-pg18.3_011.txt,負面,0.4094,421,中性,0.4068,453
2013,2013/58-pg18.3_012.txt,中性,0.3656,454,負面,0.5023,581
2013,2013/58-pg18.3_013.txt,中性,0.4249,200,中性,0.4065,193
2013,2013/58-pg18.3_014.txt,中性,0.4486,160,中性,0.4131,149
2013,2013/58-pg18.3_015.txt,中性,0.4024,48,負面,0.4227,702
2013,2013/58-pg18.3_016.txt,中性,0.4810,263,中性,0.4810,263
2013,2013/59-pg19.1_001.txt,中性,0.4856,54,負面,0.3638,284
2013,2013/59-pg19.1_002.txt,中性,0.4992,62,中性,0.4313,34
2013,2013/59-pg19.1_003.txt,負面,0.3994,426,負面,0.4216,488
2013,2013/59-pg19.1_004.txt,N/A,,0,中性,0.3918,235
2013,2013/59-pg19.1_005.txt,中性,0.5077,495,中性,0.4804,80
2013,2013/59-pg19.1_006.txt,中性,0.4110,325,中性,0.5324,188
2013,2013/59-pg19.1_007.txt,中性,0.4760,481,中性,0.4833,282
2013,2013/59-pg19.1_008.txt,N/A,,0,中性,0.5032,176
2013,2013/59-pg19.1_009.txt,中性,0.4569,424,中性,0.4799,102
2013,2013/59-pg19.1_010.txt,N/A,,0,負面,0.4602,413
2013,2013/59-pg19.1_011.txt,負面,0.4569,273,中性,0.4704,264
2013,2013/59-pg19.1_012.txt,中性,0.4394,1078,中性,0.4435,312
2013,2013/59-pg19.1_013.txt,N/A,,0,中性,0.4506,209
2013,2013/59-pg19.1_014.txt,中性,0.4549,39,中性,0.5130,296
2013,2013/59-pg19.1_015.txt,中性,0.4206,19,中性,0.3809,459
2013,2013/59-pg19.1_016.txt,N/A,,0,中性,0.4821,992
2013,2013/60-pg19.2_001.txt,中性,0.4752,666,中性,0.4673,346
2013,2013/60-pg19.2_002.txt,中性,0.4725,469,中性,0.4805,154
2013,2013/60-pg19.2_003.txt,中性,0.4598,312,中性,0.4724,175
2013,2013/60-pg19.2_004.txt,中性,0.4945,1186,中性,0.4604,159
2013,2013/60-pg19.2_005.txt,中性,0.4625,226,中性,0.4881,68
2013,2013/60-pg19.2_006.txt,中性,0.4934,550,中性,0.4685,370
2013,2013/60-pg19.2_007.txt,中性,0.4625,226,中性,0.4881,68
2013,2013/60-pg19.2_008.txt,中性,0.5213,106,中性,0.5202,386
2013,2013/60-pg19.2_009.txt,中性,0.4996,232,中性,0.4750,250
2013,2013/60-pg19.2_010.txt,中性,0.4812,371,中性,0.4987,505
2013,2013/60-pg19.2_011.txt,中性,0.5018,2279,中性,0.3730,1870
2013,2013/60-pg19.2_012.txt,N/A,,0,中性,0.4259,329
2013,2013/60-pg19.2_013.txt,中性,0.4821,805,中性,0.4414,225
2013,2013/60-pg19.2_014.txt,中性,0.5280,426,中性,0.5006,349
2013,2013/60-pg19.2_015.txt,中性,0.4350,1611,中性,0.4514,384
2013,2013/60-pg19.2_016.txt,N/A,,0,負面,0.4270,379
2013,2013/60-pg19.2_017.txt,N/A,,0,中性,0.4660,171
2013,2013/61-pg19.3_001.txt,中性,0.4625,180,負面,0.4218,347
2013,2013/61-pg19.3_002.txt,負面,0.4285,1114,負面,0.3950,3323
2013,2013/61-pg19.3_003.txt,N/A,,0,中性,0.4583,57
2013,2013/61-pg19.3_004.txt,N/A,,0,中性,0.5139,238
2013,2013/61-pg19.3_005.txt,中性,0.4410,266,中性,0.4040,641
2013,2013/61-pg19.3_006.txt,N/A,,0,中性,0.4097,74
2013,2013/61-pg19.3_007.txt,中性,0.4844,675,中性,0.4547,152
2013,2013/61-pg19.3_008.txt,中性,0.4750,719,中性,0.5012,177
2013,2013/61-pg19.3_009.txt,負面,0.3985,961,中性,0.4712,504
2013,2013/61-pg19.3_010.txt,中性,0.4381,546,中性,0.4622,272
2013,2013/61-pg19.3_011.txt,N/A,,0,中性,0.4057,440
2013,2013/61-pg19.3_012.txt,中性,0.4755,217,負面,0.4413,584
2013,2013/61-pg19.3_013.txt,負面,0.4284,943,中性,0.4430,310
2013,2013/61-pg19.3_014.txt,中性,0.4196,698,中性,0.4410,239
2013,2013/61-pg19.3_015.txt,中性,0.5152,599,中性,0.5019,152
2013,2013/61-pg19.3_016.txt,中性,0.4474,413,中性,0.4582,89
2013,2013/61-pg19.3_017.txt,中性,0.4813,372,中性,0.5019,365
2013,2013/62-pg20.1_001.txt,中性,0.4688,1715,中性,0.4173,763
2013,2013/62-pg20.1_002.txt,中性,0.4362,1706,中性,0.4173,763
2013,2013/62-pg20.1_003.txt,中性,0.4691,1472,負面,0.4482,1013
2013,2013/62-pg20.1_004.txt,負面,0.3975,692,中性,0.4815,170
2013,2013/62-pg20.1_005.txt,中性,0.4720,1006,中性,0.5509,155
2013,2013/62-pg20.1_006.txt,中性,0.4249,360,中性,0.4623,155
2013,2013/62-pg20.1_007.txt,中性,0.4375,1042,中性,0.4261,1100
2013,2013/62-pg20.1_008.txt,中性,0.4507,102,中性,0.4470,170
2013,2013/62-pg20.1_009.txt,中性,0.4728,819,中性,0.4516,172
2013,2013/62-pg20.1_010.txt,中性,0.4274,182,中性,0.4655,94
2013,2013/62-pg20.1_011.txt,中性,0.4074,267,中性,0.4232,66
2013,2013/62-pg20.1_012.txt,中性,0.4793,181,中性,0.4793,181
2013,2013/62-pg20.1_013.txt,中性,0.4933,82,中性,0.4900,213
2013,2013/62-pg20.1_014.txt,中性,0.4953,59,中性,0.4359,638
2013,2013/62-pg20.1_015.txt,N/A,,0,負面,0.4903,615
2013,2013/62-pg20.1_016.txt,負面,0.3998,121,負面,0.3998,121
2013,2013/63-pg20.2_001.txt,中性,0.4397,443,中性,0.4293,259
2013,2013/63-pg20.2_002.txt,中性,0.4723,276,中性,0.5059,768
2013,2013/63-pg20.2_003.txt,N/A,,0,中性,0.4269,145
2013,2013/63-pg20.2_004.txt,中性,0.4617,32,中性,0.4617,32
2013,2013/63-pg20.2_005.txt,中性,0.3890,465,中性,0.4371,323
2013,2013/63-pg20.2_006.txt,中性,0.4523,147,中性,0.4709,43
2013,2013/63-pg20.2_007.txt,中性,0.4229,255,中性,0.4604,163
2013,2013/63-pg20.2_008.txt,負面,0.4068,772,中性,0.4601,387
2013,2013/63-pg20.2_009.txt,中性,0.5083,87,中性,0.4357,168
2013,2013/63-pg20.2_010.txt,中性,0.4735,390,中性,0.4179,358
2013,2013/63-pg20.2_011.txt,中性,0.4562,41,中性,0.4562,41
2013,2013/63-pg20.2_012.txt,中性,0.4860,154,中性,0.4704,43
2013,2013/63-pg20.2_013.txt,中性,0.4844,133,中性,0.4826,145
2013,2013/63-pg20.2_014.txt,中性,0.4453,60,中性,0.5331,142
2013,2013/63-pg20.2_015.txt,N/A,,0,負面,0.4526,426
2013,2013/63-pg20.2_016.txt,中性,0.4500,380,中性,0.4637,1236
2013,2013/63-pg20.2_017.txt,中性,0.3761,189,中性,0.4085,82
2013,2013/64-pg20.3_001.txt,負面,0.4513,773,中性,0.4926,988
2013,2013/64-pg20.3_002.txt,N/A,,0,中性,0.4817,18
2013,2013/64-pg20.3_003.txt,N/A,,0,中性,0.4867,62
2013,2013/64-pg20.3_004.txt,N/A,,0,中性,0.5138,615
2013,2013/64-pg20.3_005.txt,中性,0.4774,959,中性,0.4810,482
2013,2013/64-pg20.3_006.txt,中性,0.4684,219,中性,0.4429,114
2013,2013/64-pg20.3_007.txt,中性,0.4378,1328,中性,0.4784,75
2013,2013/64-pg20.3_008.txt,N/A,,0,中性,0.4803,74
2013,2013/64-pg20.3_009.txt,中性,0.4828,542,中性,0.4611,1369
2013,2013/64-pg20.3_010.txt,中性,0.4255,574,中性,0.4763,341
2013,2013/64-pg20.3_011.txt,N/A,,0,中性,0.4471,140
2013,2013/64-pg20.3_012.txt,N/A,,0,中性,0.4471,140
2013,2013/64-pg20.3_013.txt,N/A,,0,中性,0.4313,229
2013,2013/64-pg20.3_014.txt,負面,0.4189,365,中性,0.4279,125
2013,2013/64-pg20.3_015.txt,中性,0.4650,145,中性,0.4201,81
2013,2013/64-pg20.3_016.txt,中性,0.5221,252,中性,0.5100,228
2013,2013/64-pg20.3_017.txt,中性,0.4650,145,中性,0.4201,81
2014,2014/30-pg9.3_001.txt,中性,0.4147,396,中性,0.4760,464
2014,2014/30-pg9.3_002.txt,中性,0.4728,980,中性,0.4172,208
2014,2014/30-pg9.3_003.txt,N/A,,0,負面,0.4644,470
2014,2014/30-pg9.3_004.txt,中性,0.4728,980,中性,0.4172,208
2014,2014/30-pg9.3_005.txt,中性,0.4045,33,中性,0.3914,230
2014,2014/30-pg9.3_006.txt,中性,0.4265,636,中性,0.4636,239
2014,2014/30-pg9.3_007.txt,N/A,,0,中性,0.4726,45
2014,2014/30-pg9.3_008.txt,N/A,,0,中性,0.4338,253
2014,2014/30-pg9.3_009.txt,中性,0.4663,322,中性,0.4725,165
2014,2014/30-pg9.3_010.txt,N/A,,0,負面,0.4463,528
2014,2014/30-pg9.3_011.txt,中性,0.5059,182,中性,0.5059,182
2014,2014/30-pg9.3_012.txt,中性,0.4974,63,中性,0.4974,63
2014,2014/30-pg9.3_013.txt,N/A,,0,中性,0.4813,46
2014,2014/30-pg9.3_014.txt,中性,0.4891,740,中性,0.5179,160
2014,2014/30-pg9.3_015.txt,中性,0.4846,884,中性,0.4878,435
2014,2014/30-pg9.3_016.txt,中性,0.4768,152,中性,0.4433,195
2014,2014/30-pg9.3_017.txt,中性,0.4030,810,負面,0.4314,546
2014,2014/30-pg9.3_018.txt,中性,0.3977,319,中性,0.4274,277
2014,2014/30-pg9.3_019.txt,負面,0.4219,311,正面,0.3459,781
2014,2014/31-pg10.1_001.txt,N/A,,0,中性,0.4352,267
2014,2014/31-pg10.1_002.txt,中性,0.4835,165,中性,0.4568,80
2014,2014/31-pg10.1_003.txt,N/A,,0,中性,0.4679,197
2014,2014/31-pg10.1_004.txt,中性,0.4650,600,中性,0.4660,948
2014,2014/31-pg10.1_005.txt,中性,0.4545,155,中性,0.4699,85
2014,2014/31-pg10.1_006.txt,負面,0.4498,592,中性,0.4494,43
2014,2014/31-pg10.1_007.txt,負面,0.4498,592,中性,0.4494,43
2014,2014/31-pg10.1_008.txt,中性,0.4642,220,中性,0.4539,154
2014,2014/31-pg10.1_009.txt,中性,0.4288,241,中性,0.4156,309
2014,2014/31-pg10.1_010.txt,中性,0.4238,148,中性,0.4238,148
2014,2014/31-pg10.1_011.txt,N/A,,0,負面,0.3977,212
2014,2014/31-pg10.1_012.txt,N/A,,0,中性,0.5019,69
2014,2014/31-pg10.1_013.txt,中性,0.4375,366,中性,0.4660,100
2014,2014/31-pg10.1_014.txt,中性,0.4750,76,中性,0.4750,76
2014,2014/31-pg10.1_015.txt,中性,0.4260,207,負面,0.3860,276
2014,2014/32-pg10.2_001.txt,中性,0.4260,207,負面,0.3860,276
2014,2014/32-pg10.2_002.txt,中性,0.4142,582,中性,0.4707,936
2014,2014/32-pg10.2_003.txt,中性,0.4941,365,中性,0.4923,136
2014,2014/32-pg10.2_004.txt,負面,0.4020,942,中性,0.4689,612
2014,2014/32-pg10.2_005.txt,負面,0.4754,604,中性,0.4625,464
2014,2014/32-pg10.2_006.txt,中性,0.4621,197,負面,0.5210,656
2014,2014/32-pg10.2_007.txt,中性,0.4902,765,中性,0.4704,388
2014,2014/32-pg10.2_008.txt,中性,0.4973,297,中性,0.4347,675
2014,2014/32-pg10.2_009.txt,中性,0.4978,190,中性,0.5302,236
2014,2014/32-pg10.2_010.txt,中性,0.5023,142,中性,0.5142,75
2014,2014/32-pg10.2_011.txt,負面,0.4711,819,中性,0.4794,297
2014,2014/32-pg10.2_012.txt,中性,0.4932,424,中性,0.4796,199
2014,2014/32-pg10.2_013.txt,中性,0.5146,229,中性,0.5426,130
2014,2014/32-pg10.2_014.txt,負面,0.4711,819,中性,0.4794,297
2014,2014/32-pg10.2_015.txt,N/A,,0,中性,0.3737,260
2014,2014/33-pg10.3_001.txt,中性,0.4189,681,中性,0.4562,29
2014,2014/33-pg10.3_002.txt,中性,0.4403,810,中性,0.4725,195
2014,2014/33-pg10.3_003.txt,中性,0.4333,804,負面,0.4192,825
2014,2014/33-pg10.3_004.txt,中性,0.4166,180,中性,0.4319,237
2014,2014/33-pg10.3_005.txt,N/A,,0,中性,0.5060,29
2014,2014/33-pg10.3_006.txt,N/A,,0,中性,0.5298,130
2014,2014/33-pg10.3_007.txt,N/A,,0,中性,0.4590,75
2014,2014/33-pg10.3_008.txt,N/A,,0,中性,0.5105,291
2014,2014/33-pg10.3_009.txt,中性,0.4577,2390,中性,0.4293,1744
2014,2014/33-pg10.3_010.txt,中性,0.4710,476,中性,0.4970,166
2014,2014/33-pg10.3_011.txt,中性,0.3666,155,中性,0.3666,155
2014,2014/33-pg10.3_012.txt,負面,0.3892,493,中性,0.4338,440
2014,2014/33-pg10.3_013.txt,中性,0.5188,896,中性,0.5186,57
2014,2014/33-pg10.3_014.txt,中性,0.5002,289,中性,0.4572,355
2014,2014/33-pg10.3_015.txt,中性,0.4530,90,中性,0.4632,35
2014,2014/33-pg10.3_016.txt,中性,0.5905,52,中性,0.4970,394
2014,2014/33-pg10.3_017.txt,中性,0.5197,143,中性,0.4616,156
2014,2014/33-pg10.3_018.txt,中性,0.4889,79,中性,0.5047,284
2014,2014/33-pg10.3_019.txt,中性,0.4726,199,中性,0.4669,286
2014,2014/34-pg10.4_001.txt,中性,0.4427,549,中性,0.5033,158
2014,2014/34-pg10.4_002.txt,N/A,,0,負面,0.3902,57
2014,2014/35-pg11.1_001.txt,N/A,,0,中性,0.4227,44
2014,2014/35-pg11.1_002.txt,中性,0.4789,1250,中性,0.4525,636
2014,2014/35-pg11.1_003.txt,中性,0.4819,1137,中性,0.4643,208
2014,2014/35-pg11.1_004.txt,中性,0.4069,34,中性,0.4481,50
2014,2014/35-pg11.1_005.txt,中性,0.4807,672,負面,0.4892,681
2014,2014/35-pg11.1_006.txt,中性,0.4702,139,中性,0.5014,918
2014,2014/35-pg11.1_007.txt,中性,0.4860,180,中性,0.4779,202
2014,2014/35-pg11.1_008.txt,中性,0.5540,32,中性,0.4397,1324
2014,2014/35-pg11.1_009.txt,N/A,,0,中性,0.4845,135
2014,2014/35-pg11.1_010.txt,中性,0.4039,91,負面,0.3922,51
2014,2014/35-pg11.1_011.txt,中性,0.4793,1148,中性,0.4615,372
2014,2014/35-pg11.1_012.txt,中性,0.4012,816,中性,0.4575,97
2014,2014/35-pg11.1_013.txt,N/A,,0,中性,0.4198,225
2014,2014/35-pg11.1_014.txt,N/A,,0,中性,0.4527,728
2014,2014/35-pg11.1_015.txt,N/A,,0,中性,0.4895,271
2014,2014/35-pg11.1_016.txt,中性,0.4547,44,中性,0.5109,142
2014,2014/36-pg11.2_001.txt,中性,0.4506,226,中性,0.4905,38
2014,2014/36-pg11.2_002.txt,中性,0.3735,413,中性,0.4126,373
2014,2014/36-pg11.2_003.txt,中性,0.4023,605,中性,0.4266,2275
2014,2014/36-pg11.2_004.txt,N/A,,0,中性,0.5291,95
2014,2014/36-pg11.2_005.txt,中性,0.4810,362,中性,0.4868,153
2014,2014/36-pg11.2_006.txt,中性,0.5054,363,中性,0.4683,462
2014,2014/36-pg11.2_007.txt,中性,0.4421,1296,中性,0.5059,261
2014,2014/36-pg11.2_008.txt,中性,0.4337,147,中性,0.4572,191
2014,2014/36-pg11.2_009.txt,N/A,,0,中性,0.4578,1301
2014,2014/36-pg11.2_010.txt,中性,0.4592,1181,中性,0.4619,1300
2014,2014/36-pg11.2_011.txt,中性,0.4631,549,中性,0.4393,500
2014,2014/36-pg11.2_012.txt,N/A,,0,負面,0.4543,584
2014,2014/36-pg11.2_013.txt,N/A,,0,中性,0.5304,189
2014,2014/36-pg11.2_014.txt,負面,0.4567,399,負面,0.4429,354
2014,2014/36-pg11.2_015.txt,中性,0.4349,177,中性,0.4438,141
2014,2014/36-pg11.2_016.txt,中性,0.4121,144,中性,0.4618,43
2014,2014/37-pg11.3_001.txt,中性,0.4313,421,中性,0.4403,136
2014,2014/37-pg11.3_002.txt,中性,0.5104,36,中性,0.4374,320
2014,2014/37-pg11.3_003.txt,中性,0.4622,82,中性,0.4489,114
2014,2014/37-pg11.3_004.txt,中性,0.4318,876,中性,0.4009,126
2014,2014/37-pg11.3_005.txt,N/A,,0,中性,0.3997,42
2014,2014/37-pg11.3_006.txt,中性,0.4264,222,中性,0.4100,197
2014,2014/37-pg11.3_007.txt,中性,0.4708,843,中性,0.3823,393
2014,2014/37-pg11.3_008.txt,中性,0.4547,412,中性,0.4169,861
2014,2014/37-pg11.3_009.txt,中性,0.5016,709,中性,0.4607,470
2014,2014/37-pg11.3_010.txt,中性,0.4484,95,中性,0.4179,226
2014,2014/37-pg11.3_011.txt,負面,0.4028,1061,中性,0.4236,651
2014,2014/37-pg11.3_012.txt,中性,0.4911,155,中性,0.4516,629
2014,2014/37-pg11.3_013.txt,N/A,,0,負面,0.4289,611
2014,2014/37-pg11.3_014.txt,中性,0.5366,48,中性,0.4375,272
2014,2014/37-pg11.3_015.txt,中性,0.4583,304,中性,0.4991,75
2014,2014/37-pg11.3_016.txt,中性,0.4748,400,負面,0.4631,641
2014,2014/37-pg11.3_017.txt,中性,0.3900,372,中性,0.3980,55
2014,2014/37-pg11.3_018.txt,N/A,,0,中性,0.4953,955
2014,2014/38-pg12.1_001.txt,N/A,,0,中性,0.4113,392
2014,2014/38-pg12.1_002.txt,中性,0.4281,197,中性,0.4318,43
2014,2014/38-pg12.1_003.txt,中性,0.4044,46,中性,0.4224,24
2014,2014/38-pg12.1_004.txt,N/A,,0,中性,0.3872,1099
2014,2014/38-pg12.1_005.txt,N/A,,0,中性,0.4342,45
2014,2014/38-pg12.1_006.txt,中性,0.4541,440,中性,0.3717,267
2014,2014/38-pg12.1_007.txt,中性,0.4654,189,中性,0.4385,197
2014,2014/38-pg12.1_008.txt,中性,0.4951,177,負面,0.4136,873
2014,2014/38-pg12.1_009.txt,N/A,,0,負面,0.4193,514
2014,2014/38-pg12.1_010.txt,中性,0.4198,172,中性,0.4468,838
2014,2014/38-pg12.1_011.txt,中性,0.4417,363,中性,0.4350,125
2014,2014/38-pg12.1_012.txt,中性,0.5168,82,中性,0.4585,529
2014,2014/38-pg12.1_013.txt,N/A,,0,中性,0.4606,24
2014,2014/38-pg12.1_014.txt,中性,0.4184,277,中性,0.4088,70
2014,2014/38-pg12.1_015.txt,中性,0.4661,300,中性,0.4884,93
2014,2014/38-pg12.1_016.txt,中性,0.4798,46,中性,0.4463,705
2014,2014/39-pg12.2_001.txt,中性,0.4798,46,中性,0.4463,705
2014,2014/39-pg12.2_002.txt,N/A,,0,負面,0.4473,505
2014,2014/39-pg12.2_003.txt,負面,0.4143,122,負面,0.4561,229
2014,2014/39-pg12.2_004.txt,N/A,,0,中性,0.4131,33
2014,2014/39-pg12.2_005.txt,中性,0.5023,219,中性,0.4651,467
2014,2014/39-pg12.2_006.txt,中性,0.4222,33,中性,0.5009,1189
2014,2014/39-pg12.2_007.txt,N/A,,0,中性,0.4358,287
2014,2014/39-pg12.2_008.txt,中性,0.5228,146,負面,0.3772,323
2014,2014/39-pg12.2_009.txt,中性,0.4680,341,負面,0.4173,533
2014,2014/39-pg12.2_010.txt,N/A,,0,中性,0.4148,52
2014,2014/39-pg12.2_011.txt,N/A,,0,中性,0.4033,38
2014,2014/39-pg12.2_012.txt,中性,0.4506,450,中性,0.4249,280
2014,2014/39-pg12.2_013.txt,中性,0.4553,723,負面,0.4670,464
2014,2014/39-pg12.2_014.txt,中性,0.4926,223,中性,0.4690,213
2014,2014/39-pg12.2_015.txt,中性,0.4496,468,中性,0.3927,267
2014,2014/39-pg12.2_016.txt,中性,0.4656,72,中性,0.4552,214
2014,2014/40-pg12.3_001.txt,中性,0.4336,226,中性,0.4684,86
2014,2014/40-pg12.3_002.txt,N/A,,0,負面,0.4023,22
2014,2014/40-pg12.3_003.txt,N/A,,0,中性,0.4742,237
2014,2014/40-pg12.3_004.txt,N/A,,0,負面,0.4719,504
2014,2014/40-pg12.3_005.txt,中性,0.5172,69,中性,0.4633,627
2014,2014/40-pg12.3_006.txt,N/A,,0,中性,0.4590,314
2014,2014/40-pg12.3_007.txt,N/A,,0,中性,0.4160,128
2014,2014/40-pg12.3_008.txt,中性,0.5100,23,中性,0.4153,78
2014,2014/40-pg12.3_009.txt,中性,0.4958,79,中性,0.4314,422
2014,2014/40-pg12.3_010.txt,中性,0.5012,130,中性,0.4835,115
2014,2014/40-pg12.3_011.txt,N/A,,0,中性,0.4151,281
2014,2014/40-pg12.3_012.txt,中性,0.5148,129,中性,0.4714,103
2014,2014/40-pg12.3_013.txt,中性,0.4644,28,中性,0.4560,44
2014,2014/40-pg12.3_014.txt,中性,0.4776,140,負面,0.4278,395
2014,2014/40-pg12.3_015.txt,N/A,,0,中性,0.4644,60
2014,2014/40-pg12.3_016.txt,中性,0.4617,24,中性,0.4409,111
2014,2014/40-pg12.3_017.txt,中性,0.4411,138,中性,0.4411,138
2014,2014/40-pg12.3_018.txt,N/A,,0,中性,0.4501,544
2014,2014/40-pg12.3_019.txt,負面,0.4566,684,中性,0.3732,301
2014,2014/41-pg13.1_001.txt,中性,0.4000,207,負面,0.4245,904
2014,2014/41-pg13.1_002.txt,中性,0.4638,436,中性,0.4816,138
2014,2014/41-pg13.1_003.txt,中性,0.4715,377,負面,0.3949,80
2014,2014/41-pg13.1_004.txt,中性,0.5164,80,中性,0.4766,203
2014,2014/41-pg13.1_005.txt,中性,0.4624,714,中性,0.4799,334
2014,2014/41-pg13.1_006.txt,中性,0.4930,276,中性,0.4815,448
2014,2014/41-pg13.1_007.txt,中性,0.4895,85,中性,0.4615,1882
2014,2014/41-pg13.1_008.txt,負面,0.4704,439,中性,0.4097,244
2014,2014/41-pg13.1_009.txt,中性,0.5035,256,中性,0.4346,58
2014,2014/41-pg13.1_010.txt,負面,0.4182,674,中性,0.4479,62
2014,2014/41-pg13.1_011.txt,中性,0.4528,220,負面,0.4168,182
2014,2014/41-pg13.1_012.txt,中性,0.4988,108,中性,0.4985,307
2014,2014/41-pg13.1_013.txt,中性,0.4221,525,中性,0.4777,306
2014,2014/41-pg13.1_014.txt,中性,0.4688,351,負面,0.4635,658
2014,2014/41-pg13.1_015.txt,中性,0.5190,284,中性,0.4177,674
2014,2014/41-pg13.1_016.txt,中性,0.4345,70,中性,0.4639,111
2014,2014/42-pg13.2_001.txt,中性,0.4345,70,中性,0.4639,111
2014,2014/42-pg13.2_002.txt,中性,0.5046,587,中性,0.5052,178
2014,2014/42-pg13.2_003.txt,中性,0.4426,216,負面,0.4697,1254
2014,2014/42-pg13.2_004.txt,中性,0.4588,64,中性,0.4733,229
2014,2014/42-pg13.2_005.txt,中性,0.4375,121,中性,0.4572,431
2014,2014/42-pg13.2_006.txt,N/A,,0,負面,0.4406,69
2014,2014/42-pg13.2_007.txt,中性,0.4646,382,中性,0.4929,121
2014,2014/42-pg13.2_008.txt,中性,0.5043,113,中性,0.4822,190
2014,2014/42-pg13.2_009.txt,中性,0.4716,265,中性,0.4898,264
2014,2014/42-pg13.2_010.txt,正面,0.3710,475,中性,0.4589,56
2014,2014/42-pg13.2_011.txt,中性,0.4252,385,中性,0.4327,277
2014,2014/42-pg13.2_012.txt,中性,0.4568,137,中性,0.4980,265
2014,2014/42-pg13.2_013.txt,正面,0.3635,2439,中性,0.3920,705
2014,2014/42-pg13.2_014.txt,中性,0.4576,54,中性,0.5342,429
2014,2014/42-pg13.2_015.txt,正面,0.3635,2439,中性,0.3920,705
2014,2014/42-pg13.2_016.txt,中性,0.3796,25,中性,0.4693,26
2014,2014/42-pg13.2_017.txt,中性,0.4415,729,中性,0.4439,243
2014,2014/43-pg13.3_001.txt,N/A,,0,中性,0.4383,114
2014,2014/43-pg13.3_002.txt,中性,0.4331,500,中性,0.4708,121
2014,2014/43-pg13.3_003.txt,中性,0.5153,44,中性,0.4935,196
2014,2014/43-pg13.3_004.txt,中性,0.5430,90,負面,0.4368,492
2014,2014/43-pg13.3_005.txt,中性,0.4491,254,中性,0.4653,131
2014,2014/43-pg13.3_006.txt,中性,0.3794,349,負面,0.3869,93
2014,2014/43-pg13.3_007.txt,中性,0.4610,48,中性,0.4917,59
2014,2014/43-pg13.3_008.txt,中性,0.4027,79,中性,0.4076,37
2014,2014/43-pg13.3_009.txt,N/A,,0,中性,0.4410,209
2014,2014/43-pg13.3_010.txt,中性,0.4096,562,中性,0.4269,333
2014,2014/43-pg13.3_011.txt,中性,0.4409,744,負面,0.5024,501
2014,2014/43-pg13.3_012.txt,中性,0.4756,274,中性,0.4677,350
2014,2014/43-pg13.3_013.txt,中性,0.4778,294,中性,0.4843,321
2014,2014/43-pg13.3_014.txt,N/A,,0,中性,0.4518,134
2014,2014/43-pg13.3_015.txt,N/A,,0,負面,0.4181,631
2014,2014/43-pg13.3_016.txt,中性,0.3753,72,中性,0.3753,72
2014,2014/43-pg13.3_017.txt,中性,0.4511,91,中性,0.4866,202
2014,2014/43-pg13.3_018.txt,N/A,,0,負面,0.4476,370
2014,2014/44-pg14.1_001.txt,N/A,,0,中性,0.4558,97
2014,2014/44-pg14.1_002.txt,中性,0.5120,720,中性,0.4803,379
2014,2014/44-pg14.1_003.txt,中性,0.4312,59,中性,0.4937,164
2014,2014/44-pg14.1_004.txt,中性,0.4546,267,中性,0.4217,193
2014,2014/44-pg14.1_005.txt,中性,0.4666,112,中性,0.4166,551
2014,2014/44-pg14.1_006.txt,中性,0.4858,293,中性,0.4459,736
2014,2014/44-pg14.1_007.txt,負面,0.4291,525,中性,0.4575,98
2014,2014/44-pg14.1_008.txt,N/A,,0,中性,0.3894,35
2014,2014/44-pg14.1_009.txt,中性,0.4186,167,中性,0.4417,646
2014,2014/44-pg14.1_010.txt,中性,0.4270,501,中性,0.4728,1519
2014,2014/44-pg14.1_011.txt,中性,0.5039,88,中性,0.5039,88
2014,2014/44-pg14.1_012.txt,中性,0.4698,142,中性,0.4581,1032
2014,2014/44-pg14.1_013.txt,中性,0.4769,784,中性,0.4220,1347
2014,2014/44-pg14.1_014.txt,中性,0.4378,588,中性,0.4614,82
2014,2014/44-pg14.1_015.txt,N/A,,0,中性,0.4224,130
2014,2014/44-pg14.1_016.txt,中性,0.5434,325,中性,0.3862,1372
2014,2014/45-pg14.2_001.txt,中性,0.5434,325,中性,0.3862,1372
2014,2014/45-pg14.2_002.txt,中性,0.5434,325,中性,0.3862,1372
2014,2014/45-pg14.2_003.txt,中性,0.5434,325,中性,0.3862,1372
2014,2014/45-pg14.2_004.txt,中性,0.4504,429,負面,0.4410,421
2014,2014/45-pg14.2_005.txt,N/A,,0,中性,0.4123,212
2014,2014/45-pg14.2_006.txt,N/A,,0,中性,0.4286,386
2014,2014/45-pg14.2_007.txt,中性,0.4292,219,中性,0.4358,55
2014,2014/45-pg14.2_008.txt,中性,0.4023,63,中性,0.4921,123
2014,2014/45-pg14.2_009.txt,中性,0.4125,37,中性,0.4230,66
2014,2014/45-pg14.2_010.txt,中性,0.4119,101,中性,0.4183,186
2014,2014/45-pg14.2_011.txt,N/A,,0,中性,0.4411,74
2014,2014/45-pg14.2_012.txt,中性,0.4422,89,中性,0.4422,89
2014,2014/45-pg14.2_013.txt,負面,0.4540,1003,負面,0.4055,2636
2014,2014/45-pg14.2_014.txt,中性,0.4824,187,中性,0.4909,132
2014,2014/45-pg14.2_015.txt,中性,0.5421,190,中性,0.5483,272
2014,2014/45-pg14.2_016.txt,N/A,,0,中性,0.4513,211
2014,2014/45-pg14.2_017.txt,N/A,,0,中性,0.5023,223
2014,2014/45-pg14.2_018.txt,中性,0.4543,199,中性,0.4112,18
2014,2014/45-pg14.2_019.txt,中性,0.4465,88,負面,0.5024,388
2014,2014/46-pg14.3_001.txt,中性,0.4879,184,中性,0.5102,148
2014,2014/46-pg14.3_002.txt,N/A,,0,負面,0.4799,420
2014,2014/46-pg14.3_003.txt,中性,0.4593,1067,負面,0.4495,477
2014,2014/46-pg14.3_004.txt,中性,0.4301,235,中性,0.4284,384
2014,2014/46-pg14.3_005.txt,N/A,,0,中性,0.4571,40
2014,2014/46-pg14.3_006.txt,中性,0.4961,166,中性,0.4058,629
2014,2014/46-pg14.3_007.txt,中性,0.3492,319,中性,0.5041,183
2014,2014/46-pg14.3_008.txt,正面,0.3720,421,中性,0.4637,108
2014,2014/46-pg14.3_009.txt,中性,0.4245,424,中性,0.3623,1031
2014,2014/46-pg14.3_010.txt,N/A,,0,負面,0.4529,355
2014,2014/46-pg14.3_011.txt,中性,0.4703,289,中性,0.4693,70
2014,2014/46-pg14.3_012.txt,N/A,,0,中性,0.5312,36
2014,2014/46-pg14.3_013.txt,中性,0.5216,130,中性,0.5127,197
2014,2014/46-pg14.3_014.txt,N/A,,0,中性,0.4903,72
2014,2014/46-pg14.3_015.txt,N/A,,0,中性,0.4772,81
2014,2014/46-pg14.3_016.txt,N/A,,0,中性,0.4330,120
2014,2014/47-pg15.1_001.txt,中性,0.4873,544,中性,0.4712,342
2014,2014/47-pg15.1_002.txt,中性,0.3921,392,中性,0.3963,452
2014,2014/47-pg15.1_003.txt,中性,0.4037,2019,中性,0.4590,1544
2014,2014/47-pg15.1_004.txt,中性,0.3776,14,負面,0.4044,39
2014,2014/47-pg15.1_005.txt,中性,0.4082,67,中性,0.4082,67
2014,2014/47-pg15.1_006.txt,中性,0.4846,450,負面,0.4240,1917
2014,2014/47-pg15.1_007.txt,中性,0.4711,308,中性,0.4668,368
2014,2014/47-pg15.1_008.txt,中性,0.4675,526,中性,0.5049,122
2014,2014/47-pg15.1_009.txt,N/A,,0,中性,0.4219,42
2014,2014/47-pg15.1_010.txt,N/A,,0,中性,0.4783,521
2014,2014/47-pg15.1_011.txt,N/A,,0,中性,0.5141,110
2014,2014/47-pg15.1_012.txt,中性,0.3965,406,中性,0.5038,261
2014,2014/47-pg15.1_013.txt,中性,0.5056,1078,中性,0.4352,181
2014,2014/47-pg15.1_014.txt,中性,0.4483,274,中性,0.4348,612
2014,2014/47-pg15.1_015.txt,N/A,,0,中性,0.3999,78
2014,2014/47-pg15.1_016.txt,中性,0.4947,193,中性,0.5063,115
2014,2014/47-pg15.1_017.txt,中性,0.4708,151,中性,0.4414,784
2014,2014/48-pg15.2_001.txt,N/A,,0,中性,0.4810,74
2014,2014/48-pg15.2_002.txt,中性,0.4660,766,中性,0.4679,258
2014,2014/48-pg15.2_003.txt,N/A,,0,中性,0.4378,75
2014,2014/48-pg15.2_004.txt,N/A,,0,負面,0.4246,303
2014,2014/48-pg15.2_005.txt,N/A,,0,中性,0.4809,189
2014,2014/48-pg15.2_006.txt,中性,0.5127,212,中性,0.5108,152
2014,2014/48-pg15.2_007.txt,中性,0.4285,123,中性,0.4807,413
2014,2014/48-pg15.2_008.txt,中性,0.4199,158,中性,0.4077,636
2014,2014/48-pg15.2_009.txt,中性,0.4688,114,中性,0.4911,54
2014,2014/48-pg15.2_010.txt,中性,0.4534,384,中性,0.4720,224
2014,2014/48-pg15.2_011.txt,中性,0.4300,216,中性,0.4309,153
2014,2014/48-pg15.2_012.txt,中性,0.5058,103,中性,0.5170,56
2014,2014/48-pg15.2_013.txt,中性,0.4399,382,中性,0.5201,214
2014,2014/48-pg15.2_014.txt,中性,0.4863,154,中性,0.4639,419
2014,2014/48-pg15.2_015.txt,中性,0.4135,663,中性,0.4176,1888
2014,2014/48-pg15.2_016.txt,中性,0.4626,294,中性,0.4040,75
2014,2014/48-pg15.2_017.txt,中性,0.4802,342,負面,0.3675,1132
2014,2014/48-pg15.2_018.txt,中性,0.4277,56,中性,0.4153,527
2014,2014/49-pg15.3_001.txt,負面,0.4434,696,中性,0.4834,2820
2014,2014/49-pg15.3_002.txt,N/A,,0,中性,0.4307,58
2014,2014/49-pg15.3_003.txt,中性,0.4506,301,中性,0.4282,646
2014,2014/49-pg15.3_004.txt,中性,0.4259,194,中性,0.4766,174
2014,2014/49-pg15.3_005.txt,N/A,,0,中性,0.3801,274
2014,2014/49-pg15.3_006.txt,N/A,,0,中性,0.4671,187
2014,2014/49-pg15.3_007.txt,中性,0.5191,266,中性,0.4774,58
2014,2014/49-pg15.3_008.txt,負面,0.4422,470,中性,0.4008,131
2014,2014/49-pg15.3_009.txt,中性,0.5375,418,中性,0.4909,1271
2014,2014/49-pg15.3_010.txt,中性,0.4685,100,中性,0.4566,976
2014,2014/49-pg15.3_011.txt,中性,0.4850,410,中性,0.4544,377
2014,2014/49-pg15.3_012.txt,中性,0.4179,725,負面,0.4266,586
2014,2014/49-pg15.3_013.txt,負面,0.3665,1091,中性,0.3957,1747
2014,2014/49-pg15.3_014.txt,中性,0.4233,369,中性,0.4727,640
2014,2014/49-pg15.3_015.txt,中性,0.4656,89,中性,0.4648,1079
2014,2014/50-pg16.1_001.txt,中性,0.4891,91,中性,0.4560,51
2014,2014/50-pg16.1_002.txt,中性,0.4412,102,中性,0.4294,167
2014,2014/50-pg16.1_003.txt,中性,0.5012,562,中性,0.4492,314
2014,2014/50-pg16.1_004.txt,中性,0.4517,1212,負面,0.3608,464
2014,2014/50-pg16.1_005.txt,N/A,,0,負面,0.5100,322
2014,2014/50-pg16.1_006.txt,中性,0.4273,307,中性,0.4325,265
2014,2014/50-pg16.1_007.txt,負面,0.3936,930,負面,0.4230,1294
2014,2014/50-pg16.1_008.txt,中性,0.4624,158,中性,0.5299,132
2014,2014/50-pg16.1_009.txt,中性,0.4183,1007,中性,0.4663,2489
2014,2014/50-pg16.1_010.txt,中性,0.4775,318,中性,0.4765,114
2014,2014/50-pg16.1_011.txt,中性,0.5020,187,中性,0.5118,135
2014,2014/50-pg16.1_012.txt,中性,0.4643,503,中性,0.4741,798
2014,2014/50-pg16.1_013.txt,中性,0.4077,260,中性,0.4764,294
2014,2014/50-pg16.1_014.txt,中性,0.4117,159,中性,0.4630,64
2014,2014/50-pg16.1_015.txt,中性,0.4978,74,中性,0.5399,212
2014,2014/50-pg16.1_016.txt,負面,0.4567,1707,負面,0.4169,1770
2014,2014/50-pg16.1_017.txt,N/A,,0,中性,0.4342,75
2014,2014/51-pg16.2_001.txt,N/A,,0,中性,0.4269,351
2014,2014/51-pg16.2_002.txt,中性,0.4692,218,中性,0.4936,436
2014,2014/51-pg16.2_003.txt,中性,0.4391,322,中性,0.4550,1080
2014,2014/51-pg16.2_004.txt,中性,0.4099,103,中性,0.4605,186
2014,2014/51-pg16.2_005.txt,中性,0.4221,538,中性,0.4176,309
2014,2014/51-pg16.2_006.txt,中性,0.3967,706,中性,0.4699,87
2014,2014/51-pg16.2_007.txt,中性,0.4234,373,中性,0.4115,313
2014,2014/51-pg16.2_008.txt,中性,0.4642,365,中性,0.4320,411
2014,2014/51-pg16.2_009.txt,N/A,,0,中性,0.4077,24
2014,2014/51-pg16.2_010.txt,中性,0.5100,57,中性,0.4846,53
2014,2014/51-pg16.2_011.txt,中性,0.4673,371,中性,0.4058,753
2014,2014/51-pg16.2_012.txt,中性,0.4147,183,中性,0.4156,178
2014,2014/51-pg16.2_013.txt,N/A,,0,中性,0.4184,781
2014,2014/51-pg16.2_014.txt,中性,0.4539,200,中性,0.4539,200
2014,2014/51-pg16.2_015.txt,中性,0.4327,56,中性,0.5088,30
2014,2014/51-pg16.2_016.txt,中性,0.4700,1304,中性,0.4467,447
2014,2014/52-pg16.3_001.txt,N/A,,0,負面,0.4123,394
2014,2014/52-pg16.3_002.txt,N/A,,0,中性,0.4098,254
2014,2014/52-pg16.3_003.txt,正面,0.4005,358,正面,0.3983,432
2014,2014/52-pg16.3_004.txt,N/A,,0,中性,0.4736,59
2014,2014/52-pg16.3_005.txt,中性,0.4273,401,中性,0.4371,242
2014,2014/52-pg16.3_006.txt,中性,0.4903,261,中性,0.4851,213
2014,2014/52-pg16.3_007.txt,中性,0.4332,966,中性,0.4697,209
2014,2014/52-pg16.3_008.txt,中性,0.4638,249,中性,0.4688,807
2014,2014/52-pg16.3_009.txt,中性,0.4377,196,中性,0.4701,190
2014,2014/52-pg16.3_010.txt,中性,0.4819,295,中性,0.4819,295
2014,2014/52-pg16.3_011.txt,中性,0.4980,168,中性,0.5022,53
2014,2014/52-pg16.3_012.txt,中性,0.5535,158,中性,0.5535,158
2014,2014/52-pg16.3_013.txt,中性,0.4766,352,負面,0.4184,900
2014,2014/52-pg16.3_014.txt,N/A,,0,負面,0.3824,140
2014,2014/52-pg16.3_015.txt,中性,0.4624,215,中性,0.5041,700
2014,2014/52-pg16.3_016.txt,中性,0.4545,140,中性,0.4831,30
2014,2014/52-pg16.3_017.txt,負面,0.4603,407,中性,0.4118,162
2014,2014/53-pg17.1_001.txt,N/A,,0,中性,0.4447,33
2014,2014/53-pg17.1_002.txt,中性,0.4512,230,中性,0.4719,150
2014,2014/53-pg17.1_003.txt,N/A,,0,中性,0.4066,181
2014,2014/53-pg17.1_004.txt,中性,0.4921,493,中性,0.4828,293
2014,2014/53-pg17.1_005.txt,N/A,,0,中性,0.4133,86
2014,2014/53-pg17.1_006.txt,N/A,,0,中性,0.4133,86
2014,2014/53-pg17.1_007.txt,中性,0.3975,1413,負面,0.4580,1742
2014,2014/53-pg17.1_008.txt,中性,0.4632,122,中性,0.4868,140
2014,2014/53-pg17.1_009.txt,N/A,,0,負面,0.4149,310
2014,2014/53-pg17.1_010.txt,中性,0.4078,19,中性,0.4444,519
2014,2014/53-pg17.1_011.txt,中性,0.4780,238,中性,0.4439,362
2014,2014/53-pg17.1_012.txt,中性,0.4344,555,中性,0.4639,231
2014,2014/53-pg17.1_013.txt,中性,0.4701,1566,中性,0.4509,523
2014,2014/53-pg17.1_014.txt,中性,0.4470,851,中性,0.4026,516
2014,2014/53-pg17.1_015.txt,中性,0.3802,252,中性,0.4224,153
2014,2014/53-pg17.1_016.txt,中性,0.4646,293,中性,0.4737,173
2014,2014/54-pg17.2_001.txt,中性,0.3802,252,中性,0.4224,153
2014,2014/54-pg17.2_002.txt,中性,0.4646,293,中性,0.4737,173
2014,2014/54-pg17.2_003.txt,中性,0.4435,121,中性,0.4581,68
2014,2014/54-pg17.2_004.txt,N/A,,0,中性,0.4208,72
2014,2014/54-pg17.2_005.txt,中性,0.4239,68,負面,0.4512,476
2014,2014/54-pg17.2_006.txt,中性,0.4398,149,中性,0.4118,146
2014,2014/54-pg17.2_007.txt,N/A,,0,中性,0.5135,79
2014,2014/54-pg17.2_008.txt,中性,0.4692,208,中性,0.4590,421
2014,2014/54-pg17.2_009.txt,中性,0.4600,247,中性,0.4418,199
2014,2014/54-pg17.2_010.txt,中性,0.5414,83,中性,0.5107,47
2014,2014/54-pg17.2_011.txt,N/A,,0,中性,0.4735,66
2014,2014/54-pg17.2_012.txt,N/A,,0,中性,0.4492,242
2014,2014/54-pg17.2_013.txt,N/A,,0,中性,0.4076,369
2014,2014/54-pg17.2_014.txt,中性,0.4670,49,負面,0.4453,469
2014,2014/54-pg17.2_015.txt,中性,0.4200,333,中性,0.4832,193
2014,2014/54-pg17.2_016.txt,中性,0.4565,241,中性,0.4573,207
2014,2014/54-pg17.2_017.txt,中性,0.4450,340,中性,0.4035,349
2014,2014/55-pg17.3_001.txt,N/A,,0,中性,0.3902,31
2014,2014/55-pg17.3_002.txt,中性,0.4328,39,中性,0.4328,39
2014,2014/55-pg17.3_003.txt,中性,0.5009,158,中性,0.4763,421
2014,2014/55-pg17.3_004.txt,中性,0.4679,1939,中性,0.4802,1511
2014,2014/55-pg17.3_005.txt,中性,0.4679,1939,中性,0.4802,1511
2014,2014/55-pg17.3_006.txt,中性,0.4635,109,中性,0.4311,283
2014,2014/55-pg17.3_007.txt,N/A,,0,中性,0.4686,243
2014,2014/55-pg17.3_008.txt,中性,0.4870,452,中性,0.4602,1400
2014,2014/55-pg17.3_009.txt,中性,0.4275,62,負面,0.4354,54
2014,2014/55-pg17.3_010.txt,中性,0.5210,1060,中性,0.4836,229
2014,2014/55-pg17.3_011.txt,N/A,,0,中性,0.4408,500
2014,2014/55-pg17.3_012.txt,中性,0.4533,77,負面,0.4353,351
2014,2014/55-pg17.3_013.txt,中性,0.4041,343,負面,0.4183,2142
2014,2014/55-pg17.3_014.txt,負面,0.4235,320,負面,0.3664,611
2014,2014/55-pg17.3_015.txt,中性,0.3822,319,中性,0.4303,94
2014,2014/55-pg17.3_016.txt,中性,0.4275,177,中性,0.4613,130
2014,2014/55-pg17.3_017.txt,中性,0.4771,115,中性,0.4646,188
2014,2014/55-pg17.3_018.txt,中性,0.4159,85,中性,0.5018,162
2014,2014/55-pg17.3_019.txt,中性,0.5104,71,中性,0.4373,604
2014,2014/56-pg18.1_001.txt,中性,0.4627,100,中性,0.4350,647
2014,2014/56-pg18.1_002.txt,中性,0.4958,651,中性,0.4375,1196
2014,2014/56-pg18.1_003.txt,N/A,,0,中性,0.4352,110
2014,2014/56-pg18.1_004.txt,中性,0.4309,36,中性,0.4522,536
2014,2014/56-pg18.1_005.txt,負面,0.5126,905,負面,0.3847,1082
2014,2014/56-pg18.1_006.txt,中性,0.4501,1133,負面,0.4605,1700
2014,2014/56-pg18.1_007.txt,中性,0.4739,438,中性,0.4367,1957
2014,2014/56-pg18.1_008.txt,N/A,,0,中性,0.4417,336
2014,2014/56-pg18.1_009.txt,中性,0.3973,337,中性,0.4602,588
2014,2014/56-pg18.1_010.txt,負面,0.4443,706,中性,0.4699,342
2014,2014/56-pg18.1_011.txt,負面,0.4443,706,中性,0.4699,342
2014,2014/56-pg18.1_012.txt,中性,0.4146,93,中性,0.5109,530
2014,2014/56-pg18.1_013.txt,中性,0.4704,311,中性,0.4487,620
2014,2014/56-pg18.1_014.txt,中性,0.4108,290,中性,0.4108,290
2014,2014/56-pg18.1_015.txt,中性,0.4505,114,中性,0.4802,202
2014,2014/56-pg18.1_016.txt,N/A,,0,中性,0.4392,713
2014,2014/56-pg18.1_017.txt,中性,0.4419,182,中性,0.4182,51
2014,2014/57-pg18.2_001.txt,中性,0.4444,270,中性,0.4444,270
2014,2014/57-pg18.2_002.txt,中性,0.4821,331,中性,0.4963,85
2014,2014/57-pg18.2_003.txt,N/A,,0,中性,0.5068,87
2014,2014/57-pg18.2_004.txt,中性,0.5052,52,中性,0.4389,719
2014,2014/57-pg18.2_005.txt,中性,0.4767,174,中性,0.4785,108
2014,2014/57-pg18.2_006.txt,N/A,,0,中性,0.4837,193
2014,2014/57-pg18.2_007.txt,中性,0.4937,835,中性,0.4502,404
2014,2014/57-pg18.2_008.txt,N/A,,0,中性,0.4555,520
2014,2014/57-pg18.2_009.txt,負面,0.4437,447,中性,0.4074,1968
2014,2014/57-pg18.2_010.txt,負面,0.4437,447,中性,0.4074,1968
2014,2014/57-pg18.2_011.txt,N/A,,0,中性,0.4554,300
2014,2014/57-pg18.2_012.txt,N/A,,0,中性,0.4686,105
2014,2014/57-pg18.2_013.txt,中性,0.4415,239,中性,0.4604,601
2014,2014/57-pg18.2_014.txt,中性,0.5257,519,中性,0.4034,1269
2014,2014/57-pg18.2_015.txt,N/A,,0,中性,0.4386,225
2014,2014/57-pg18.2_016.txt,中性,0.4113,153,中性,0.4344,970
2014,2014/57-pg18.2_017.txt,N/A,,0,中性,0.4016,137
2015,2015/05-pg2.3_001.txt,中性,0.4428,313,中性,0.4227,223
2015,2015/05-pg2.3_002.txt,中性,0.5008,86,中性,0.5008,86
2015,2015/05-pg2.3_003.txt,中性,0.4571,49,中性,0.4822,547
2015,2015/05-pg2.3_004.txt,中性,0.3924,17,中性,0.4693,591
2015,2015/05-pg2.3_005.txt,負面,0.4213,603,負面,0.4261,745
2015,2015/05-pg2.3_006.txt,負面,0.4202,681,中性,0.4582,353
2015,2015/05-pg2.3_007.txt,中性,0.5063,1627,中性,0.5042,475
2015,2015/05-pg2.3_008.txt,中性,0.4656,438,中性,0.4669,369
2015,2015/05-pg2.3_009.txt,中性,0.5130,741,中性,0.4498,864
2015,2015/05-pg2.3_010.txt,中性,0.4909,542,中性,0.4842,75
2015,2015/05-pg2.3_011.txt,中性,0.4623,930,中性,0.4866,454
2015,2015/05-pg2.3_012.txt,中性,0.4906,60,中性,0.4906,60
2015,2015/05-pg2.3_013.txt,中性,0.4368,475,中性,0.4908,35
2015,2015/05-pg2.3_014.txt,中性,0.4375,232,中性,0.5050,167
2015,2015/05-pg2.3_015.txt,中性,0.4546,387,中性,0.4981,85
2015,2015/05-pg2.3_016.txt,中性,0.5202,41,中性,0.5221,196
2015,2015/05-pg2.3_017.txt,中性,0.5221,526,中性,0.4658,884
2015,2015/06-pg2.4_001.txt,中性,0.5016,931,中性,0.4407,527
2015,2015/06-pg2.4_002.txt,N/A,,0,中性,0.4572,157
2015,2015/06-pg2.4_003.txt,中性,0.4569,660,中性,0.4529,41
2015,2015/06-pg2.4_004.txt,中性,0.4732,936,中性,0.3961,421
2015,2015/06-pg2.4_005.txt,中性,0.4398,948,中性,0.5250,78
2015,2015/06-pg2.4_006.txt,中性,0.4807,1207,中性,0.4534,319
2015,2015/06-pg2.4_007.txt,負面,0.4825,646,中性,0.4038,185
2015,2015/06-pg2.4_008.txt,中性,0.5028,1883,中性,0.4369,715
2015,2015/07-pg3.1_001.txt,中性,0.4561,246,中性,0.4660,315
2015,2015/07-pg3.1_002.txt,中性,0.4637,139,中性,0.4586,397
2015,2015/07-pg3.1_003.txt,中性,0.4828,154,中性,0.4772,501
2015,2015/07-pg3.1_004.txt,中性,0.4203,770,負面,0.4403,778
2015,2015/07-pg3.1_005.txt,中性,0.5091,481,中性,0.5000,542
2015,2015/07-pg3.1_006.txt,中性,0.5150,249,中性,0.4646,334
2015,2015/07-pg3.1_007.txt,中性,0.4282,453,中性,0.4455,235
2015,2015/07-pg3.1_008.txt,負面,0.4125,320,負面,0.4012,301
2015,2015/07-pg3.1_009.txt,負面,0.4403,702,中性,0.4241,636
2015,2015/07-pg3.1_010.txt,中性,0.5139,365,中性,0.5193,309
2015,2015/07-pg3.1_011.txt,中性,0.4357,123,中性,0.4204,62
2015,2015/07-pg3.1_012.txt,N/A,,0,中性,0.4523,73
2015,2015/07-pg3.1_013.txt,中性,0.5068,1026,中性,0.4965,353
2015,2015/07-pg3.1_014.txt,中性,0.4835,1493,負面,0.4411,1575
2015,2015/07-pg3.1_015.txt,中性,0.4819,115,負面,0.4372,473
2015,2015/08-pg3.2_001.txt,中性,0.5535,159,中性,0.4835,284
2015,2015/08-pg3.2_002.txt,中性,0.5056,246,中性,0.4931,347
2015,2015/08-pg3.2_003.txt,中性,0.4695,623,中性,0.4655,213
2015,2015/08-pg3.2_004.txt,中性,0.3805,244,中性,0.4429,65
2015,2015/08-pg3.2_005.txt,中性,0.4600,49,中性,0.4763,138
2015,2015/08-pg3.2_006.txt,負面,0.4555,1087,中性,0.5049,265
2015,2015/08-pg3.2_007.txt,中性,0.4524,809,中性,0.4189,1565
2015,2015/08-pg3.2_008.txt,中性,0.4873,35,中性,0.4291,294
2015,2015/08-pg3.2_009.txt,中性,0.4930,330,中性,0.4108,335
2015,2015/08-pg3.2_010.txt,中性,0.4564,1666,中性,0.4458,793
2015,2015/08-pg3.2_011.txt,中性,0.5037,151,中性,0.4728,345
2015,2015/08-pg3.2_012.txt,中性,0.4617,708,中性,0.4928,1152
2015,2015/08-pg3.2_013.txt,N/A,,0,中性,0.5341,300
2015,2015/08-pg3.2_014.txt,中性,0.4889,558,中性,0.5081,420
2015,2015/08-pg3.2_015.txt,N/A,,0,中性,0.4422,343
2015,2015/09-pg3.3_001.txt,中性,0.4217,369,負面,0.4785,557
2015,2015/09-pg3.3_002.txt,中性,0.5009,1158,中性,0.5076,677
2015,2015/09-pg3.3_003.txt,中性,0.4217,369,負面,0.4785,557
2015,2015/09-pg3.3_004.txt,負面,0.4343,1378,中性,0.4544,469
2015,2015/09-pg3.3_005.txt,N/A,,0,中性,0.4613,179
2015,2015/09-pg3.3_006.txt,N/A,,0,負面,0.5320,331
2015,2015/09-pg3.3_007.txt,中性,0.4292,289,中性,0.4272,498
2015,2015/09-pg3.3_008.txt,N/A,,0,中性,0.4126,456
2015,2015/09-pg3.3_009.txt,中性,0.5022,80,負面,0.4575,520
2015,2015/09-pg3.3_010.txt,中性,0.4533,961,負面,0.5003,776
2015,2015/09-pg3.3_011.txt,中性,0.4976,280,中性,0.4733,50
2015,2015/09-pg3.3_012.txt,中性,0.4989,204,中性,0.4612,501
2015,2015/09-pg3.3_013.txt,N/A,,0,中性,0.4527,87
2015,2015/09-pg3.3_014.txt,負面,0.3524,912,中性,0.4920,539
2015,2015/09-pg3.3_015.txt,中性,0.4170,1006,中性,0.4269,586
2015,2015/09-pg3.3_016.txt,中性,0.4230,270,中性,0.4094,220
2015,2015/09-pg3.3_017.txt,中性,0.4827,296,負面,0.4586,503
2015,2015/09-pg3.3_018.txt,負面,0.4029,373,中性,0.4444,78
2015,2015/09-pg3.3_019.txt,中性,0.4324,446,中性,0.4681,49
2015,2015/09-pg3.3_020.txt,中性,0.4146,527,中性,0.4570,768
2015,2015/10-pg4.1_001.txt,中性,0.4603,556,中性,0.3740,966
2015,2015/10-pg4.1_002.txt,中性,0.4753,206,中性,0.4678,1008
2015,2015/10-pg4.1_003.txt,中性,0.5512,74,中性,0.5226,144
2015,2015/10-pg4.1_004.txt,中性,0.4912,62,中性,0.4171,87
2015,2015/10-pg4.1_005.txt,中性,0.4218,26,中性,0.4848,90
2015,2015/10-pg4.1_006.txt,N/A,,0,負面,0.4640,55
2015,2015/10-pg4.1_007.txt,中性,0.4510,98,中性,0.4536,353
2015,2015/10-pg4.1_008.txt,中性,0.4841,784,中性,0.5063,837
2015,2015/10-pg4.1_009.txt,中性,0.4455,213,中性,0.4135,318
2015,2015/10-pg4.1_010.txt,N/A,,0,中性,0.5053,69
2015,2015/10-pg4.1_011.txt,負面,0.3911,768,負面,0.4218,178
2015,2015/10-pg4.1_012.txt,中性,0.4627,581,中性,0.4443,244
2015,2015/10-pg4.1_013.txt,中性,0.4202,146,中性,0.4614,1093
2015,2015/10-pg4.1_014.txt,N/A,,0,負面,0.4426,503
2015,2015/10-pg4.1_015.txt,中性,0.4949,202,中性,0.4643,1250
2015,2015/11-pg4.2_001.txt,中性,0.4397,543,負面,0.3844,1066
2015,2015/11-pg4.2_002.txt,中性,0.4844,62,中性,0.4679,210
2015,2015/11-pg4.2_003.txt,中性,0.4796,316,中性,0.4882,252
2015,2015/11-pg4.2_004.txt,N/A,,0,中性,0.5715,188
2015,2015/11-pg4.2_005.txt,N/A,,0,負面,0.4949,593
2015,2015/11-pg4.2_006.txt,負面,0.4081,1411,中性,0.4856,107
2015,2015/11-pg4.2_007.txt,N/A,,0,中性,0.4603,54
2015,2015/11-pg4.2_008.txt,中性,0.4884,171,中性,0.4601,165
2015,2015/11-pg4.2_009.txt,中性,0.4809,420,中性,0.5157,219
2015,2015/11-pg4.2_010.txt,N/A,,0,中性,0.4547,166
2015,2015/11-pg4.2_011.txt,N/A,,0,中性,0.4104,261
2015,2015/11-pg4.2_012.txt,中性,0.4601,54,中性,0.4829,209
2015,2015/11-pg4.2_013.txt,N/A,,0,中性,0.4194,31
2015,2015/11-pg4.2_014.txt,N/A,,0,負面,0.4618,406
2015,2015/11-pg4.2_015.txt,中性,0.4267,361,負面,0.4182,466
2015,2015/12-pg4.3_001.txt,中性,0.4332,376,中性,0.4055,43
2015,2015/12-pg4.3_002.txt,中性,0.4713,971,中性,0.4077,363
2015,2015/12-pg4.3_003.txt,中性,0.4781,28,中性,0.4455,56
2015,2015/12-pg4.3_004.txt,N/A,,0,中性,0.4541,180
2015,2015/12-pg4.3_005.txt,中性,0.5078,1109,中性,0.4594,334
2015,2015/12-pg4.3_006.txt,中性,0.5197,71,中性,0.5418,195
2015,2015/12-pg4.3_007.txt,中性,0.4614,458,中性,0.4692,467
2015,2015/12-pg4.3_008.txt,N/A,,0,中性,0.4043,457
2015,2015/12-pg4.3_009.txt,N/A,,0,中性,0.4970,110
2015,2015/12-pg4.3_010.txt,中性,0.4628,473,中性,0.5200,555
2015,2015/12-pg4.3_011.txt,中性,0.4942,144,中性,0.3888,67
2015,2015/12-pg4.3_012.txt,中性,0.4138,60,中性,0.4651,134
2015,2015/12-pg4.3_013.txt,中性,0.5076,109,中性,0.4698,474
2015,2015/12-pg4.3_014.txt,負面,0.4166,420,中性,0.4393,730
2015,2015/12-pg4.3_015.txt,中性,0.4737,603,中性,0.4631,817
2015,2015/12-pg4.3_016.txt,中性,0.4514,839,中性,0.4476,1309
2015,2015/12-pg4.3_017.txt,中性,0.4250,95,中性,0.4939,66
2015,2015/12-pg4.3_018.txt,中性,0.4872,112,中性,0.5097,107
2015,2015/12-pg4.3_019.txt,中性,0.5182,77,中性,0.4816,196
2015,2015/12-pg4.3_020.txt,中性,0.5182,77,中性,0.4816,196
2015,2015/13-pg5.1_001.txt,中性,0.4982,80,中性,0.5132,389
2015,2015/13-pg5.1_002.txt,中性,0.4903,319,中性,0.4529,447
2015,2015/13-pg5.1_003.txt,中性,0.5231,197,中性,0.4829,141
2015,2015/13-pg5.1_004.txt,N/A,,0,中性,0.5105,247
2015,2015/13-pg5.1_005.txt,負面,0.4186,84,中性,0.3932,31
2015,2015/13-pg5.1_006.txt,中性,0.4877,270,中性,0.4598,677
2015,2015/13-pg5.1_007.txt,中性,0.4674,651,中性,0.5013,643
2015,2015/13-pg5.1_008.txt,中性,0.3883,348,正面,0.3436,335
2015,2015/13-pg5.1_009.txt,中性,0.3883,348,正面,0.3436,335
2015,2015/13-pg5.1_010.txt,中性,0.4526,591,中性,0.4750,127
2015,2015/13-pg5.1_011.txt,中性,0.4567,1311,中性,0.4160,521
2015,2015/13-pg5.1_012.txt,中性,0.4234,524,中性,0.4993,99
2015,2015/13-pg5.1_013.txt,中性,0.5336,348,中性,0.4162,79
2015,2015/13-pg5.1_014.txt,中性,0.4803,160,中性,0.5211,181
2015,2015/13-pg5.1_015.txt,中性,0.4450,179,中性,0.4488,112
2015,2015/14-pg5.2_001.txt,中性,0.5066,235,中性,0.5074,376
2015,2015/14-pg5.2_002.txt,中性,0.4874,633,中性,0.4549,1099
2015,2015/14-pg5.2_003.txt,中性,0.5066,235,中性,0.5074,376
2015,2015/14-pg5.2_004.txt,中性,0.4939,55,中性,0.4891,295
2015,2015/14-pg5.2_005.txt,中性,0.5089,135,中性,0.5089,135
2015,2015/14-pg5.2_006.txt,中性,0.5116,166,中性,0.4430,431
2015,2015/14-pg5.2_007.txt,中性,0.4351,368,中性,0.5311,354
2015,2015/14-pg5.2_008.txt,中性,0.4604,511,中性,0.4169,230
2015,2015/14-pg5.2_009.txt,中性,0.4600,308,中性,0.4320,747
2015,2015/14-pg5.2_010.txt,中性,0.4855,92,中性,0.4868,253
2015,2015/14-pg5.2_011.txt,中性,0.4568,178,中性,0.4568,178
2015,2015/14-pg5.2_012.txt,中性,0.4218,324,中性,0.4839,584
2015,2015/14-pg5.2_013.txt,N/A,,0,中性,0.4083,30
2015,2015/14-pg5.2_014.txt,中性,0.4503,292,中性,0.4554,242
2015,2015/15-pg5.3_001.txt,N/A,,0,中性,0.4688,1155
2015,2015/15-pg5.3_002.txt,中性,0.4021,152,中性,0.4434,47
2015,2015/15-pg5.3_003.txt,中性,0.4365,204,中性,0.4112,80
2015,2015/15-pg5.3_004.txt,中性,0.3918,224,中性,0.4651,59
2015,2015/15-pg5.3_005.txt,中性,0.5072,1058,中性,0.4705,821
2015,2015/15-pg5.3_006.txt,中性,0.3797,128,中性,0.4703,399
2015,2015/15-pg5.3_007.txt,中性,0.4067,1479,中性,0.4873,2220
2015,2015/15-pg5.3_008.txt,N/A,,0,中性,0.4272,257
2015,2015/15-pg5.3_009.txt,中性,0.4442,1289,中性,0.4480,265
2015,2015/15-pg5.3_010.txt,中性,0.5181,247,中性,0.4364,553
2015,2015/15-pg5.3_011.txt,中性,0.4603,400,中性,0.4843,333
2015,2015/15-pg5.3_012.txt,中性,0.5054,454,負面,0.3839,389
2015,2015/15-pg5.3_013.txt,N/A,,0,中性,0.4590,120
2015,2015/15-pg5.3_014.txt,中性,0.4896,788,中性,0.4219,660
2015,2015/15-pg5.3_015.txt,中性,0.5008,280,中性,0.4803,179
2015,2015/15-pg5.3_016.txt,中性,0.4424,1177,中性,0.4131,583
2015,2015/15-pg5.3_017.txt,中性,0.3811,321,中性,0.4540,79
2015,2015/15-pg5.3_018.txt,中性,0.4100,92,中性,0.4155,409
2015,2015/15-pg5.3_019.txt,中性,0.4457,141,中性,0.4673,204
2015,2015/16-pg5.4_001.txt,中性,0.5087,523,中性,0.4981,420
2015,2015/16-pg5.4_002.txt,中性,0.4176,672,負面,0.4355,329
2015,2015/17-pg6.1_001.txt,中性,0.4237,1213,中性,0.5187,85
2015,2015/17-pg6.1_002.txt,中性,0.4349,87,負面,0.4507,532
2015,2015/17-pg6.1_003.txt,中性,0.4306,370,中性,0.4500,622
2015,2015/17-pg6.1_004.txt,N/A,,0,中性,0.4600,98
2015,2015/17-pg6.1_005.txt,N/A,,0,中性,0.4655,180
2015,2015/17-pg6.1_006.txt,N/A,,0,中性,0.4170,49
2015,2015/17-pg6.1_007.txt,N/A,,0,負面,0.3803,253
2015,2015/17-pg6.1_008.txt,中性,0.4709,760,中性,0.4475,84
2015,2015/17-pg6.1_009.txt,中性,0.4703,67,負面,0.4410,801
2015,2015/17-pg6.1_010.txt,中性,0.4440,320,中性,0.4697,729
2015,2015/17-pg6.1_011.txt,中性,0.4962,175,中性,0.4239,387
2015,2015/17-pg6.1_012.txt,中性,0.4520,156,中性,0.4466,329
2015,2015/17-pg6.1_013.txt,中性,0.4396,122,中性,0.4852,17
2015,2015/17-pg6.1_014.txt,中性,0.4542,164,中性,0.5130,425
2015,2015/17-pg6.1_015.txt,中性,0.4860,658,中性,0.5257,382
2015,2015/18-pg6.2_001.txt,中性,0.4565,48,中性,0.4703,45
2015,2015/18-pg6.2_002.txt,中性,0.4229,222,中性,0.4662,114
2015,2015/18-pg6.2_003.txt,中性,0.4577,312,中性,0.4372,229
2015,2015/18-pg6.2_004.txt,中性,0.4207,267,中性,0.4653,149
2015,2015/18-pg6.2_005.txt,中性,0.4796,394,中性,0.4303,753
2015,2015/18-pg6.2_006.txt,中性,0.4796,394,中性,0.4303,753
2015,2015/18-pg6.2_007.txt,中性,0.3657,1515,中性,0.4367,337
2015,2015/18-pg6.2_008.txt,中性,0.4835,556,中性,0.4937,105
2015,2015/18-pg6.2_009.txt,中性,0.4016,369,中性,0.4676,974
2015,2015/18-pg6.2_010.txt,中性,0.4673,799,中性,0.4941,892
2015,2015/18-pg6.2_011.txt,中性,0.5062,332,中性,0.4762,204
2015,2015/18-pg6.2_012.txt,負面,0.4372,88,中性,0.4953,52
2015,2015/18-pg6.2_013.txt,中性,0.5256,244,中性,0.4556,307
2015,2015/18-pg6.2_014.txt,中性,0.4425,385,中性,0.4395,225
2015,2015/18-pg6.2_015.txt,中性,0.5259,152,中性,0.4944,911
2015,2015/19-pg6.3_001.txt,N/A,,0,中性,0.4277,38
2015,2015/19-pg6.3_002.txt,中性,0.4120,710,負面,0.3844,203
2015,2015/19-pg6.3_003.txt,N/A,,0,中性,0.4546,122
2015,2015/19-pg6.3_004.txt,N/A,,0,中性,0.5076,53
2015,2015/19-pg6.3_005.txt,N/A,,0,中性,0.4708,152
2015,2015/19-pg6.3_006.txt,中性,0.4617,1061,正面,0.4011,461
2015,2015/19-pg6.3_007.txt,N/A,,0,中性,0.5068,323
2015,2015/19-pg6.3_008.txt,N/A,,0,負面,0.4599,136
2015,2015/19-pg6.3_009.txt,中性,0.4814,718,負面,0.4003,382
2015,2015/19-pg6.3_010.txt,N/A,,0,中性,0.4170,84
2015,2015/19-pg6.3_011.txt,負面,0.4731,369,中性,0.4607,215
2015,2015/19-pg6.3_012.txt,中性,0.4265,1020,中性,0.4515,396
2015,2015/19-pg6.3_013.txt,中性,0.5118,455,中性,0.4589,346
2015,2015/19-pg6.3_014.txt,中性,0.4547,886,中性,0.4851,709
2015,2015/19-pg6.3_015.txt,中性,0.4935,604,中性,0.4713,907
2015,2015/19-pg6.3_016.txt,中性,0.4429,364,中性,0.4488,66
2015,2015/19-pg6.3_017.txt,中性,0.4130,322,中性,0.4494,275
2015,2015/20-pg6.4_001.txt,中性,0.4632,680,中性,0.4972,204
2015,2015/20-pg6.4_002.txt,中性,0.4500,522,中性,0.4819,198
2015,2015/20-pg6.4_003.txt,N/A,,0,中性,0.5150,208
2015,2015/21-pg7.1_001.txt,N/A,,0,中性,0.4124,80
2015,2015/21-pg7.1_002.txt,中性,0.4375,707,負面,0.4733,490
2015,2015/21-pg7.1_003.txt,N/A,,0,中性,0.4651,225
2015,2015/21-pg7.1_004.txt,負面,0.4234,333,中性,0.5102,163
2015,2015/21-pg7.1_005.txt,中性,0.3734,424,中性,0.4295,255
2015,2015/21-pg7.1_006.txt,中性,0.4228,827,中性,0.3984,350
2015,2015/21-pg7.1_007.txt,中性,0.4150,341,中性,0.4414,234
2015,2015/21-pg7.1_008.txt,中性,0.4208,610,中性,0.4092,551
2015,2015/21-pg7.1_009.txt,負面,0.4962,1119,負面,0.4326,477
2015,2015/21-pg7.1_010.txt,中性,0.4243,686,負面,0.4337,781
2015,2015/21-pg7.1_011.txt,中性,0.4611,1345,中性,0.4559,694
2015,2015/21-pg7.1_012.txt,中性,0.5030,318,中性,0.5157,208
2015,2015/21-pg7.1_013.txt,中性,0.4719,34,負面,0.4673,620
2015,2015/21-pg7.1_014.txt,中性,0.4799,342,中性,0.4628,225
2015,2015/21-pg7.1_015.txt,中性,0.4291,1305,中性,0.3988,1327
2015,2015/22-pg7.2_001.txt,中性,0.5050,1298,中性,0.4675,1429
2015,2015/22-pg7.2_002.txt,中性,0.5075,689,中性,0.4551,441
2015,2015/22-pg7.2_003.txt,中性,0.5182,282,中性,0.5024,517
2015,2015/22-pg7.2_004.txt,正面,0.3640,346,中性,0.4221,72
2015,2015/22-pg7.2_005.txt,中性,0.4684,131,中性,0.4529,187
2015,2015/22-pg7.2_006.txt,N/A,,0,中性,0.4390,160
2015,2015/22-pg7.2_007.txt,中性,0.4710,72,中性,0.4833,51
2015,2015/22-pg7.2_008.txt,中性,0.4785,119,中性,0.4828,178
2015,2015/22-pg7.2_009.txt,中性,0.4817,647,中性,0.4972,29
2015,2015/22-pg7.2_010.txt,N/A,,0,中性,0.3942,37
2015,2015/22-pg7.2_011.txt,N/A,,0,中性,0.4253,257
2015,2015/22-pg7.2_012.txt,N/A,,0,中性,0.4240,316
2015,2015/22-pg7.2_013.txt,中性,0.3778,887,中性,0.3756,573
2015,2015/22-pg7.2_014.txt,中性,0.3778,887,中性,0.3756,573
2015,2015/22-pg7.2_015.txt,中性,0.4701,160,中性,0.4427,757
2015,2015/23-pg7.3_001.txt,中性,0.4336,877,負面,0.4285,409
2015,2015/23-pg7.3_002.txt,中性,0.4074,34,中性,0.4091,39
2015,2015/23-pg7.3_003.txt,負面,0.4294,815,負面,0.4420,1340
2015,2015/23-pg7.3_004.txt,中性,0.4460,455,中性,0.4182,239
2015,2015/23-pg7.3_005.txt,中性,0.4314,406,中性,0.4380,358
2015,2015/23-pg7.3_006.txt,中性,0.4630,382,中性,0.4339,273
2015,2015/23-pg7.3_007.txt,中性,0.5055,1679,中性,0.4935,411
2015,2015/23-pg7.3_008.txt,中性,0.4712,601,中性,0.4852,213
2015,2015/23-pg7.3_009.txt,中性,0.4637,211,中性,0.4436,134
2015,2015/23-pg7.3_010.txt,中性,0.4403,506,中性,0.4555,99
2015,2015/23-pg7.3_011.txt,中性,0.4788,819,中性,0.3926,300
2015,2015/23-pg7.3_012.txt,中性,0.3932,33,中性,0.4871,141
2015,2015/23-pg7.3_013.txt,N/A,,0,中性,0.4944,142
2015,2015/23-pg7.3_014.txt,中性,0.4503,421,中性,0.4429,319
2015,2015/23-pg7.3_015.txt,中性,0.4631,934,負面,0.4131,339
2015,2015/23-pg7.3_016.txt,中性,0.4515,41,中性,0.4689,139
2015,2015/23-pg7.3_017.txt,N/A,,0,中性,0.4087,265
2015,2015/23-pg7.3_018.txt,負面,0.4359,102,中性,0.4256,21
2015,2015/23-pg7.3_019.txt,中性,0.4318,250,中性,0.4287,209
2015,2015/23-pg7.3_020.txt,中性,0.4867,236,負面,0.4769,802
2015,2015/24-pg8.1_001.txt,負面,0.4514,1033,中性,0.4499,1486
2015,2015/24-pg8.1_002.txt,中性,0.4378,132,中性,0.4107,379
2015,2015/24-pg8.1_003.txt,負面,0.4171,2815,負面,0.4127,717
2015,2015/24-pg8.1_004.txt,中性,0.4124,326,中性,0.4968,195
2015,2015/24-pg8.1_005.txt,中性,0.4594,246,中性,0.4747,1360
2015,2015/24-pg8.1_006.txt,N/A,,0,中性,0.4898,101
2015,2015/24-pg8.1_007.txt,中性,0.4563,195,中性,0.4243,323
2015,2015/24-pg8.1_008.txt,N/A,,0,中性,0.4639,165
2015,2015/24-pg8.1_009.txt,中性,0.4270,835,負面,0.4287,668
2015,2015/24-pg8.1_010.txt,中性,0.4685,174,中性,0.5079,145
2015,2015/24-pg8.1_011.txt,中性,0.4255,714,中性,0.4446,52
2015,2015/24-pg8.1_012.txt,中性,0.4883,446,中性,0.4404,323
2015,2015/24-pg8.1_013.txt,中性,0.4798,204,中性,0.4414,2185
2015,2015/25-pg8.2_001.txt,中性,0.4235,268,中性,0.4520,163
2015,2015/25-pg8.2_002.txt,中性,0.4226,245,中性,0.4858,49
2015,2015/25-pg8.2_003.txt,中性,0.4829,49,中性,0.4314,311
2015,2015/25-pg8.2_004.txt,N/A,,0,中性,0.4908,63
2015,2015/25-pg8.2_005.txt,中性,0.5152,77,中性,0.4902,633
2015,2015/25-pg8.2_006.txt,中性,0.4389,47,中性,0.4510,461
2015,2015/25-pg8.2_007.txt,中性,0.4675,776,中性,0.4534,684
2015,2015/25-pg8.2_008.txt,N/A,,0,中性,0.4599,38
2015,2015/25-pg8.2_009.txt,負面,0.4391,747,中性,0.4018,990
2015,2015/25-pg8.2_010.txt,負面,0.4127,519,中性,0.4063,316
2015,2015/25-pg8.2_011.txt,中性,0.4175,2365,中性,0.3767,514
2015,2015/25-pg8.2_012.txt,N/A,,0,中性,0.4741,161
2015,2015/25-pg8.2_013.txt,中性,0.4677,192,中性,0.4440,130
2015,2015/25-pg8.2_014.txt,中性,0.4844,695,中性,0.4960,231
2015,2015/25-pg8.2_015.txt,N/A,,0,中性,0.4007,593
2015,2015/26-pg8.3_001.txt,中性,0.5206,72,中性,0.4793,645
2015,2015/26-pg8.3_002.txt,N/A,,0,中性,0.4691,346
2015,2015/26-pg8.3_003.txt,中性,0.4544,563,中性,0.4241,566
2015,2015/26-pg8.3_004.txt,N/A,,0,中性,0.4371,261
2015,2015/26-pg8.3_005.txt,中性,0.4075,82,中性,0.4075,82
2015,2015/26-pg8.3_006.txt,中性,0.4563,177,中性,0.4719,34
2015,2015/26-pg8.3_007.txt,N/A,,0,負面,0.4775,372
2015,2015/26-pg8.3_008.txt,中性,0.4995,259,中性,0.4603,300
2015,2015/26-pg8.3_009.txt,負面,0.4207,327,中性,0.4777,77
2015,2015/26-pg8.3_010.txt,N/A,,0,中性,0.4807,101
2015,2015/26-pg8.3_011.txt,N/A,,0,中性,0.4364,585
2015,2015/26-pg8.3_012.txt,中性,0.5083,440,中性,0.5004,527
2015,2015/26-pg8.3_013.txt,中性,0.5012,236,中性,0.3952,338
2015,2015/26-pg8.3_014.txt,中性,0.4673,314,中性,0.4661,154
2015,2015/26-pg8.3_015.txt,中性,0.4779,178,中性,0.4053,82
2015,2015/26-pg8.3_016.txt,中性,0.4125,121,中性,0.4405,157
2015,2015/26-pg8.3_017.txt,中性,0.3877,40,中性,0.4048,222
2015,2015/26-pg8.3_018.txt,N/A,,0,中性,0.5543,92
2015,2015/26-pg8.3_019.txt,中性,0.4971,136,中性,0.4483,407
2015,2015/27-pg8.4_001.txt,中性,0.4874,223,中性,0.4858,161
2015,2015/27-pg8.4_002.txt,中性,0.4593,848,中性,0.4882,218
2015,2015/27-pg8.4_003.txt,中性,0.4361,271,中性,0.4481,166
2015,2015/28-pg9.1_001.txt,負面,0.3966,124,負面,0.4106,94
2015,2015/28-pg9.1_002.txt,中性,0.5020,133,中性,0.4804,244
2015,2015/28-pg9.1_003.txt,中性,0.4850,293,中性,0.4794,181
2015,2015/28-pg9.1_004.txt,中性,0.3783,1156,負面,0.4446,857
2015,2015/28-pg9.1_005.txt,N/A,,0,中性,0.4124,50
2015,2015/28-pg9.1_006.txt,中性,0.4656,1462,負面,0.4495,595
2015,2015/28-pg9.1_007.txt,中性,0.4419,227,中性,0.4753,71
2015,2015/28-pg9.1_008.txt,中性,0.4276,67,中性,0.4448,209
2015,2015/28-pg9.1_009.txt,N/A,,0,中性,0.4831,123
2015,2015/28-pg9.1_010.txt,中性,0.4547,568,中性,0.4762,274
2015,2015/28-pg9.1_011.txt,中性,0.4983,69,中性,0.4362,105
2015,2015/28-pg9.1_012.txt,中性,0.4332,121,中性,0.4332,121
2015,2015/28-pg9.1_013.txt,中性,0.4860,378,中性,0.5169,200
2015,2015/28-pg9.1_014.txt,中性,0.5185,948,中性,0.4721,779
2015,2015/28-pg9.1_015.txt,中性,0.5112,287,中性,0.5201,104
2015,2015/29-pg9.2_001.txt,N/A,,0,中性,0.4198,252
2015,2015/29-pg9.2_002.txt,N/A,,0,中性,0.5052,166
2015,2015/29-pg9.2_003.txt,中性,0.5257,91,中性,0.4853,295
2015,2015/29-pg9.2_004.txt,負面,0.5244,413,負面,0.4603,313
2015,2015/29-pg9.2_005.txt,中性,0.4402,957,中性,0.4228,2096
2015,2015/29-pg9.2_006.txt,中性,0.4402,957,中性,0.4228,2096
2015,2015/29-pg9.2_007.txt,中性,0.4292,48,中性,0.4470,106
2015,2015/29-pg9.2_008.txt,中性,0.5026,595,中性,0.5060,157
2015,2015/29-pg9.2_009.txt,中性,0.4083,213,中性,0.4576,769
2015,2015/29-pg9.2_010.txt,中性,0.4514,70,中性,0.4016,369
2015,2015/29-pg9.2_011.txt,中性,0.4228,749,中性,0.4774,678
2015,2015/29-pg9.2_012.txt,N/A,,0,中性,0.4961,93
2015,2015/29-pg9.2_013.txt,負面,0.4106,1053,負面,0.4229,538
2015,2015/29-pg9.2_014.txt,中性,0.4603,158,中性,0.4480,154
2015,2015/29-pg9.2_015.txt,中性,0.4432,114,中性,0.4437,80
2015,2015/29-pg9.2_016.txt,中性,0.5161,141,中性,0.5036,853
